{
    "stock_pool": [
        {
            "original_price": 31.20257271974647,
            "code": "AAPL",
            "sell_price": 31.20257271974647,
            "potential_profit": 265.7916754770443,
            "name": "Apple",
            "daily_variation": -0.027292732317162793,
            "buy_price": 31.20257271974647,
            "current_price": 57.7817402674509,
            "shares_owned": 10,
            "sector": "Technology",
            "realized_profit": 0,
            "price_history": [
                31.20257271974647,
                32.363577792226366,
                33.34897011250671,
                34.0714510922703,
                65.37155929049803,
                65.49167831172683,
                63.75746270914222,
                64.51543583064249,
                62.04442749693272,
                61.21420476341226,
                59.461889183741285,
                60.29696967136947,
                61.27130960665935,
                59.40301073836669,
                57.7817402674509
            ]
        },
        {
            "original_price": 95.00077298727084,
            "code": "GOOGL",
            "sell_price": 0,
            "potential_profit": 0,
            "name": "Google",
            "daily_variation": -0.028120232303671704,
            "buy_price": 0,
            "current_price": 420.0922852102955,
            "shares_owned": 0,
            "sector": "Technology",
            "realized_profit": 0,
            "price_history": [
                95.00077298727084,
                93.30320758291285,
                97.08886669367901,
                93.55976106406055,
                92.09823417481927,
                95.16721118899099,
                93.53315336941179,
                97.4047837111543,
                98.77171156315599,
                95.12050882634958,
                96.77084017062167,
                416.8126628207056,
                427.07588251000004,
                432.24717621815614,
                420.0922852102955
            ]
        },
        {
            "original_price": 24.681531987303497,
            "code": "META",
            "sell_price": 24.681531987303497,
            "potential_profit": 0,
            "name": "Facebook",
            "daily_variation": 0.002237623673875748,
            "buy_price": 24.681531987303497,
            "current_price": 22.959642470061024,
            "shares_owned": 0,
            "sector": "Technology",
            "realized_profit": 0,
            "price_history": [
                24.681531987303497,
                24.367722578131417,
                25.01994841786891,
                25.185285587094985,
                24.397750694396947,
                24.3198666850967,
                23.6600922407737,
                22.749201997618922,
                22.895963589806716,
                21.907473421014007,
                22.905355697872274,
                22.219615406793505,
                22.327415551603977,
                22.908382131872553,
                22.959642470061024
            ]
        },
        {
            "original_price": 51.75738122500051,
            "code": "PFE",
            "sell_price": 0,
            "potential_profit": 0,
            "name": "Pfizer",
            "daily_variation": -0.04645871968652298,
            "buy_price": 0,
            "current_price": 325.2447073916582,
            "shares_owned": 0,
            "sector": "Healthcare",
            "realized_profit": 0,
            "price_history": [
                51.75738122500051,
                51.22748092247782,
                48.856828884252835,
                51.024255705299204,
                52.762232887819756,
                55.230677112162624,
                54.83145840186251,
                54.8361591686287,
                56.12629806636141,
                55.99391964047536,
                329.8273543363633,
                315.8056947794573,
                328.7503807946835,
                341.0913760175479,
                325.2447073916582
            ]
        },
        {
            "original_price": 81.72062202812927,
            "code": "AZN",
            "sell_price": 0,
            "potential_profit": 0,
            "name": "Astra Zeneca",
            "daily_variation": -0.019437266665442553,
            "buy_price": 0,
            "current_price": 82.23542353813461,
            "shares_owned": 0,
            "sector": "Healthcare",
            "realized_profit": 0,
            "price_history": [
                81.72062202812927,
                85.04820995629836,
                88.30504870224081,
                88.01841275482198,
                92.34178176363785,
                89.81677278217639,
                92.37431728480868,
                88.02799874685635,
                87.46644095341225,
                86.59804021117398,
                88.06922249882983,
                84.2563598769546,
                85.48775842067012,
                83.86554041114753,
                82.23542353813461
            ]
        },
        {
            "original_price": 92.64694633348061,
            "code": "HSBC",
            "sell_price": 0,
            "potential_profit": 0,
            "name": "HSBC Holdings",
            "daily_variation": -0.02070503621282892,
            "buy_price": 0,
            "current_price": 268.57435620225925,
            "shares_owned": 0,
            "sector": "Financial",
            "realized_profit": 0,
            "price_history": [
                92.64694633348061,
                90.03638795880943,
                87.40221444292389,
                312.66643653988046,
                301.1174419467899,
                303.95269776776126,
                309.8825543731221,
                305.4032804123294,
                292.0410876266539,
                283.7043499524051,
                276.30252991752724,
                265.02115020094703,
                271.1584784657556,
                274.2527697310084,
                268.57435620225925
            ]
        },
        {
            "original_price": 84.74843181973144,
            "code": "JPM",
            "sell_price": 0,
            "potential_profit": 0,
            "name": "JP Morgan Chase",
            "daily_variation": -0.010449829768376922,
            "buy_price": 0,
            "current_price": 14536.214743068509,
            "shares_owned": 0,
            "sector": "Financial",
            "realized_profit": 0,
            "price_history": [
                84.74843181973144,
                336.8024431853604,
                878.2373900899883,
                840.7882776443339,
                882.6597038424801,
                3438.246488005696,
                3432.1513018367286,
                3573.3223921703425,
                14414.807036428912,
                15004.777138338237,
                15336.763840293435,
                15167.571733039591,
                14881.544717527173,
                14689.719814474925,
                14536.214743068509
            ]
        },
        {
            "original_price": 30.72421966740236,
            "code": "SHEL",
            "sell_price": 0,
            "potential_profit": 0,
            "name": "Shell PLC",
            "daily_variation": -0.017170053910725645,
            "buy_price": 0,
            "current_price": 27.30808831606166,
            "shares_owned": 0,
            "sector": "Energy",
            "realized_profit": 0,